"Status","Start Time","Stop Time","Duration in ms","Parent Suite","Suite","Sub Suite","Test Class","Test Method","Name","Description"
"passed","Wed Sep 30 22:12:55 UTC 2026","Wed Sep 30 22:12:55 UTC 2026","61","Regression Suite","Regression Tests","com.booking.tests.BookingDataDrivenTest","com.booking.tests.BookingDataDrivenTest","boundaryBookingShouldBeCreated","Boundary bookings are created and stored exactly as sent",""
"passed","Wed Sep 30 22:12:55 UTC 2026","Wed Sep 30 22:12:55 UTC 2026","84","Regression Suite","Regression Tests","com.booking.tests.BookingDataDrivenTest","com.booking.tests.BookingDataDrivenTest","boundaryBookingShouldBeCreated","Boundary bookings are created and stored exactly as sent",""
"passed","Wed Sep 30 22:12:57 UTC 2026","Wed Sep 30 22:12:57 UTC 2026","147","Regression Suite","Regression Tests","com.booking.tests.BookingCrudTest","com.booking.tests.BookingCrudTest","updateBookingShouldReplaceAllFields","Fully update a booking with PUT",""
"passed","Wed Sep 30 22:12:55 UTC 2026","Wed Sep 30 22:12:56 UTC 2026","133","Regression Suite","Regression Tests","com.booking.tests.AuthTest","com.booking.tests.AuthTest","updateWithInvalidTokenShouldReturn403","PUT with an invalid token is rejected with 403",""
"passed","Wed Sep 30 22:12:56 UTC 2026","Wed Sep 30 22:12:56 UTC 2026","65","Regression Suite","Regression Tests","com.booking.tests.AuthTest","com.booking.tests.AuthTest","validCredentialsShouldReturnToken","Valid credentials return an auth token",""
"failed","Wed Sep 30 22:13:04 UTC 2026","Wed Sep 30 22:13:05 UTC 2026","42","Known Bugs Suite","Known Bug Tests","com.booking.tests.AuthTest","com.booking.tests.AuthTest","invalidPasswordShouldReturn401","BUG: wrong password should return 401, API returns 200",""
"failed","Wed Sep 30 22:13:04 UTC 2026","Wed Sep 30 22:13:04 UTC 2026","79","Known Bugs Suite","Known Bug Tests","com.booking.tests.NegativeBookingTest","com.booking.tests.NegativeBookingTest","invalidPayloadShouldReturn400","BUG: invalid booking payloads should be rejected with 400",""
"passed","Wed Sep 30 22:12:55 UTC 2026","Wed Sep 30 22:12:55 UTC 2026","142","Regression Suite","Regression Tests","com.booking.tests.BookingDataDrivenTest","com.booking.tests.BookingDataDrivenTest","boundaryBookingShouldBeCreated","Boundary bookings are created and stored exactly as sent",""
"passed","Wed Sep 30 22:12:55 UTC 2026","Wed Sep 30 22:12:56 UTC 2026","901","Regression Suite","Regression Tests","com.booking.tests.BookingCrudTest","com.booking.tests.BookingCrudTest","filterByNameShouldReturnCreatedBooking","Filter booking IDs by firstname and lastname",""
"passed","Wed Sep 30 22:12:55 UTC 2026","Wed Sep 30 22:12:55 UTC 2026","215","Regression Suite","Regression Tests","com.booking.tests.BookingCrudTest","com.booking.tests.BookingCrudTest","deleteBookingShouldRemoveIt","Delete a booking; it can no longer be fetched",""
"passed","Wed Sep 30 22:12:55 UTC 2026","Wed Sep 30 22:12:55 UTC 2026","61","Regression Suite","Regression Tests","com.booking.tests.BookingDataDrivenTest","com.booking.tests.BookingDataDrivenTest","boundaryBookingShouldBeCreated","Boundary bookings are created and stored exactly as sent",""
"failed","Wed Sep 30 22:13:04 UTC 2026","Wed Sep 30 22:13:04 UTC 2026","64","Known Bugs Suite","Known Bug Tests","com.booking.tests.NegativeBookingTest","com.booking.tests.NegativeBookingTest","invalidPayloadShouldReturn400","BUG: invalid booking payloads should be rejected with 400",""
"failed","Wed Sep 30 22:13:04 UTC 2026","Wed Sep 30 22:13:04 UTC 2026","49","Known Bugs Suite","Known Bug Tests","com.booking.tests.NegativeBookingTest","com.booking.tests.NegativeBookingTest","invalidPayloadShouldReturn400","BUG: invalid booking payloads should be rejected with 400",""
"failed","Wed Sep 30 22:13:04 UTC 2026","Wed Sep 30 22:13:04 UTC 2026","46","Known Bugs Suite","Known Bug Tests","com.booking.tests.NegativeBookingTest","com.booking.tests.NegativeBookingTest","invalidPayloadShouldReturn400","BUG: invalid booking payloads should be rejected with 400",""
"passed","Wed Sep 30 22:12:57 UTC 2026","Wed Sep 30 22:12:57 UTC 2026","90","Regression Suite","Regression Tests","com.booking.tests.BookingCrudTest","com.booking.tests.BookingCrudTest","getBookingByIdShouldReturnBooking","Get an existing booking by ID",""
"passed","Wed Sep 30 22:12:55 UTC 2026","Wed Sep 30 22:12:55 UTC 2026","133","Regression Suite","Regression Tests","com.booking.tests.AuthTest","com.booking.tests.AuthTest","partialUpdateWithoutTokenShouldReturn403","PATCH without a token is rejected with 403",""
"passed","Wed Sep 30 22:12:55 UTC 2026","Wed Sep 30 22:12:55 UTC 2026","90","Regression Suite","Regression Tests","com.booking.tests.NegativeBookingTest","com.booking.tests.NegativeBookingTest","updateNonExistentBookingShouldReturn405","PUT on a non-existent booking returns 405",""
"passed","Wed Sep 30 22:12:55 UTC 2026","Wed Sep 30 22:12:55 UTC 2026","77","Regression Suite","Regression Tests","com.booking.tests.NegativeBookingTest","com.booking.tests.NegativeBookingTest","getNonExistentBookingShouldReturn404","GET a non-existent booking returns 404",""
"passed","Wed Sep 30 22:12:55 UTC 2026","Wed Sep 30 22:12:55 UTC 2026","94","Regression Suite","Regression Tests","com.booking.tests.BookingDataDrivenTest","com.booking.tests.BookingDataDrivenTest","boundaryBookingShouldBeCreated","Boundary bookings are created and stored exactly as sent",""
"passed","Wed Sep 30 22:12:57 UTC 2026","Wed Sep 30 22:12:57 UTC 2026","98","Regression Suite","Regression Tests","com.booking.tests.BookingCrudTest","com.booking.tests.BookingCrudTest","partialUpdateShouldChangeOnlyGivenFields","Partially update a booking with PATCH; other fields stay unchanged",""
"passed","Wed Sep 30 22:12:55 UTC 2026","Wed Sep 30 22:12:56 UTC 2026","330","Regression Suite","Regression Tests","com.booking.tests.ContractTest","com.booking.tests.ContractTest","createBookingResponseShouldMatchSchema","POST /booking response matches its JSON schema",""
"passed","Wed Sep 30 22:12:55 UTC 2026","Wed Sep 30 22:12:55 UTC 2026","72","Regression Suite","Regression Tests","com.booking.tests.BookingDataDrivenTest","com.booking.tests.BookingDataDrivenTest","boundaryBookingShouldBeCreated","Boundary bookings are created and stored exactly as sent",""
"passed","Wed Sep 30 22:12:55 UTC 2026","Wed Sep 30 22:12:55 UTC 2026","88","Regression Suite","Regression Tests","com.booking.tests.BookingDataDrivenTest","com.booking.tests.BookingDataDrivenTest","boundaryBookingShouldBeCreated","Boundary bookings are created and stored exactly as sent",""
"passed","Wed Sep 30 22:12:55 UTC 2026","Wed Sep 30 22:12:55 UTC 2026","895","Regression Suite","Regression Tests","com.booking.tests.ContractTest","com.booking.tests.ContractTest","authResponseShouldMatchSchema","POST /auth response matches its JSON schema",""
"passed","Wed Sep 30 22:12:55 UTC 2026","Wed Sep 30 22:12:55 UTC 2026","78","Regression Suite","Regression Tests","com.booking.tests.BookingDataDrivenTest","com.booking.tests.BookingDataDrivenTest","boundaryBookingShouldBeCreated","Boundary bookings are created and stored exactly as sent",""
"passed","Wed Sep 30 22:12:56 UTC 2026","Wed Sep 30 22:12:57 UTC 2026","172","Regression Suite","Regression Tests","com.booking.tests.BookingCrudTest","com.booking.tests.BookingCrudTest","getAllBookingIdsShouldReturnList","Get all booking IDs returns a non-empty list",""
"passed","Wed Sep 30 22:12:55 UTC 2026","Wed Sep 30 22:12:55 UTC 2026","327","Regression Suite","Regression Tests","com.booking.tests.AuthTest","com.booking.tests.AuthTest","deleteWithInvalidTokenShouldReturn403","DELETE with an invalid token is rejected and the booking still exists",""
"failed","Wed Sep 30 22:13:04 UTC 2026","Wed Sep 30 22:13:04 UTC 2026","47","Known Bugs Suite","Known Bug Tests","com.booking.tests.NegativeBookingTest","com.booking.tests.NegativeBookingTest","invalidPayloadShouldReturn400","BUG: invalid booking payloads should be rejected with 400",""
"passed","Wed Sep 30 22:12:55 UTC 2026","Wed Sep 30 22:12:55 UTC 2026","77","Regression Suite","Regression Tests","com.booking.tests.BookingCrudTest","com.booking.tests.BookingCrudTest","createBookingShouldReturnNewId","Create a booking and receive a new booking ID",""
"passed","Wed Sep 30 22:12:55 UTC 2026","Wed Sep 30 22:12:55 UTC 2026","250","Regression Suite","Regression Tests","com.booking.tests.AuthTest","com.booking.tests.AuthTest","deleteWithoutTokenShouldReturn403","DELETE without a token is rejected and the booking still exists",""
"failed","Wed Sep 30 22:13:04 UTC 2026","Wed Sep 30 22:13:04 UTC 2026","45","Known Bugs Suite","Known Bug Tests","com.booking.tests.NegativeBookingTest","com.booking.tests.NegativeBookingTest","invalidPayloadShouldReturn400","BUG: invalid booking payloads should be rejected with 400",""
"passed","Wed Sep 30 22:12:55 UTC 2026","Wed Sep 30 22:12:55 UTC 2026","82","Regression Suite","Regression Tests","com.booking.tests.AuthTest","com.booking.tests.AuthTest","invalidPasswordShouldNotReturnToken","Wrong password returns no token and a 'Bad credentials' reason",""
"passed","Wed Sep 30 22:12:55 UTC 2026","Wed Sep 30 22:12:55 UTC 2026","145","Regression Suite","Regression Tests","com.booking.tests.NegativeBookingTest","com.booking.tests.NegativeBookingTest","deleteNonExistentBookingShouldReturn405","DELETE on a non-existent booking returns 405",""
"failed","Wed Sep 30 22:13:04 UTC 2026","Wed Sep 30 22:13:04 UTC 2026","44","Known Bugs Suite","Known Bug Tests","com.booking.tests.NegativeBookingTest","com.booking.tests.NegativeBookingTest","invalidPayloadShouldReturn400","BUG: invalid booking payloads should be rejected with 400",""
"passed","Wed Sep 30 22:12:56 UTC 2026","Wed Sep 30 22:12:56 UTC 2026","150","Regression Suite","Regression Tests","com.booking.tests.AuthTest","com.booking.tests.AuthTest","updateWithoutTokenShouldReturn403","PUT without a token is rejected with 403",""
"passed","Wed Sep 30 22:12:56 UTC 2026","Wed Sep 30 22:12:56 UTC 2026","121","Regression Suite","Regression Tests","com.booking.tests.ContractTest","com.booking.tests.ContractTest","getBookingResponseShouldMatchSchema","GET /booking/{id} response matches its JSON schema",""
